id,name
1,Muhammad
2,Hughes
3,Seller
4,Sapp
5,Ruth
6,Rodriguez
7,Madrid
8,Rivera
9,Shatley
10,Mickey
11,Huizenga
12,Gulley
13,Portillo
14,Odom
15,Mottet
16,Lomax
17,Bingham
18,Regalado
19,Kincheloe
20,Meyer
21,Strickland
22,Coppinger
23,Carrero
24,Wixom
25,Pineda
26,Davis
27,Hernandez
28,Rorie
29,Malloy
30,Vogel
31,Hutton
32,Rollyson
33,Elick
34,Harris
35,Dykes
36,Trudeau
37,Noakes
38,Moyer
39,Erb
40,Cork
41,Frederick
42,West
43,Gentry
44,Rouzer
45,Baldwin
46,Carothers
47,Marquez
48,Pennock
49,Jemmott
50,Gonzales
